P@1,P@3,P@5,nDCGP@1,nDCG@3,nDCG@5
49.0,33.5000009983778,27.3000004068017,49.0,40.52639944864692,44.61743423459867
