P@1,P@3,P@5,nDCGP@1,nDCG@3,nDCG@5
49.0,35.500001057982445,24.600000366568565,49.0,42.293906793571935,42.05330673453813
