P@1,P@3,P@5,nDCGP@1,nDCG@3,nDCG@5
0.5,2.6666667461395264,3.300000049173832,0.5,2.1986722463257027,3.6492877082018538
