P@1,P@3,P@5,nDCGP@1,nDCG@3,nDCG@5
1.0,2.500000074505806,2.400000035762787,1.0,2.1934264036172704,2.579464175599354
